project_id|project_name|ward|sector|amount_allocated_zmw|amount_disbursed_zmw|fiscal_year|status|source_url|date_scraped
CDF-0001|Fabrication And Delivery Of 2500 Double Sitter Desks|All Wards|Education|N/A|N/A|2024|Approved|https://www.kalomocouncil.gov.zm/?page_id=3025|2026-09-12
CDF-0002|Ambulance|All Wards|Health|N/A|N/A|2024|Approved|https://www.kalomocouncil.gov.zm/?page_id=3025|2026-09-12
CDF-0003|Motor Bike-Chikanta Chiefdom|All Wards|Traditional Affairs|N/A|N/A|2024|Approved|https://www.kalomocouncil.gov.zm/?page_id=3025|2026-09-12
CDF-0004|Motor Bike-Siachitema Chiefdom|All Wards|Traditional Affairs|N/A|N/A|2024|Approved|https://www.kalomocouncil.gov.zm/?page_id=3025|2026-09-12
CDF-0005|Chiefs Palace-Chikanta|All Wards|Traditional Affairs|N/A|N/A|2024|Approved|https://www.kalomocouncil.gov.zm/?page_id=3025|2026-09-12
CDF-0006|Chiefs Palace-Siachitema|All Wards|Traditional Affairs|N/A|N/A|2024|Approved|https://www.kalomocouncil.gov.zm/?page_id=3025|2026-09-12
CDF-0007|Construction Of Police Post In Kasukwe|All Wards|Home Affairs|N/A|N/A|2024|Approved|https://www.kalomocouncil.gov.zm/?page_id=3025|2026-09-12
CDF-0008|Construction Mortuary At Chikanta Habulile Mini Hospital) In Chikanta Ward|Chikanta|Health|N/A|N/A|2024|Approved|https://www.kalomocouncil.gov.zm/?page_id=3025|2026-09-12
CDF-0009|Lubricants For Earth Moving Equipment|All Wards|Road Infrastructure|N/A|N/A|2024|Approved|https://www.kalomocouncil.gov.zm/?page_id=3025|2026-09-12
CDF-0010|Rural Electrification (Rea)|All Wards|Energy|N/A|N/A|2024|Approved|https://www.kalomocouncil.gov.zm/?page_id=3025|2026-09-12
CDF-0011|Construction Of Girls Dormitory & Ablution Block At Bbilili Secondary School|Bbilili|Education|N/A|N/A|2024|Approved|https://www.kalomocouncil.gov.zm/?page_id=3025|2026-09-12
CDF-0012|Construclion Of Maternity Annex At Mikata Health Center|Mikata|Health|N/A|N/A|2024|Approved|https://www.kalomocouncil.gov.zm/?page_id=3025|2026-09-12
CDF-0013|Health Post At Najinka|Katanda|Health|N/A|N/A|2024|Approved|https://www.kalomocouncil.gov.zm/?page_id=3025|2026-09-12
CDF-0014|Completion Of Ngole Bridge|Chamuka|Road Infrastructure|N/A|N/A|2024|Approved|https://www.kalomocouncil.gov.zm/?page_id=3025|2026-09-12
CDF-0015|Completion Of Simwanda Bridge|Naluja|Road Infrastructure|N/A|N/A|2024|Approved|https://www.kalomocouncil.gov.zm/?page_id=3025|2026-09-12
CDF-0016|Drilling And Equiping Of Handpumps Simukongabajikal|Omba|Water Infrastructure|N/A|N/A|2024|Approved|https://www.kalomocouncil.gov.zm/?page_id=3025|2026-09-12
CDF-0017|Drilling Of 29 Boreholes|All Wards|Water Infrastructure|N/A|N/A|2024|Approved|https://www.kalomocouncil.gov.zm/?page_id=3025|2026-09-12
CDF-0018|Rehabilitation Of Boreholes|All Wards|Water Infrastructure|N/A|N/A|2024|Approved|https://www.kalomocouncil.gov.zm/?page_id=3025|2026-09-12
CDF-0019|Fabrication Of 1000 Qdesks|All Wards|Education|N/A|N/A|2024|Approved|https://www.kalomocouncil.gov.zm/?page_id=3020|2026-09-12
CDF-0020|Chief'S Palaces Siachitema|Siachitema|Traditional Affairs|N/A|N/A|2024|Approved|https://www.kalomocouncil.gov.zm/?page_id=3020|2026-09-12
CDF-0021|Construction Of Maternity Wing Kachenle Rhc|Chawila|Health|N/A|N/A|2024|Approved|https://www.kalomocouncil.gov.zm/?page_id=3020|2026-09-12
CDF-0022|Construction Of Maternity Wing Rr Clinic|Chilesha|Health|N/A|N/A|2024|Approved|https://www.kalomocouncil.gov.zm/?page_id=3020|2026-09-12
CDF-0023|Purchase Of Ambulance|All Wards|Health|N/A|N/A|2024|Approved|https://www.kalomocouncil.gov.zm/?page_id=3020|2026-09-12
CDF-0024|Rea|All Wards|Energy|N/A|N/A|2024|Approved|https://www.kalomocouncil.gov.zm/?page_id=3020|2026-09-12
CDF-0025|Additional Funding For Construction Of Kalonda Dam|Kalonda|Water Resources|N/A|N/A|2024|Approved|https://www.kalomocouncil.gov.zm/?page_id=3020|2026-09-12
CDF-0026|Dip Tank Nazilongo|Simayakwe|Agriculture|N/A|N/A|2024|Approved|https://www.kalomocouncil.gov.zm/?page_id=3020|2026-09-12
CDF-0027|Nstallation Of Street Lights|Mwaata|Energy|N/A|N/A|2024|Approved|https://www.kalomocouncil.gov.zm/?page_id=3020|2026-09-12
CDF-0028|Completion Of Choonga Prim & Sec Lab|Choonga|Education|N/A|N/A|2024|Approved|https://www.kalomocouncil.gov.zm/?page_id=3020|2026-09-12
CDF-0029|Completion Of Greenacres Prim & Sec Lab|Mwaata|Education|N/A|N/A|2024|Approved|https://www.kalomocouncil.gov.zm/?page_id=3020|2026-09-12
CDF-0030|Chief'S Palaces Sipatunyana|Sipatunyana|Traditional Affairs|N/A|N/A|2024|Approved|https://www.kalomocouncil.gov.zm/?page_id=3020|2026-09-12
CDF-0031|Motorbike Sipatunyana|Sipatunyana|Traditional Affairs|N/A|N/A|2024|Approved|https://www.kalomocouncil.gov.zm/?page_id=3020|2026-09-12
CDF-0032|Motorbike Siachitema Shared Cost|Siachitema|Traditional Affairs|N/A|N/A|2024|Approved|https://www.kalomocouncil.gov.zm/?page_id=3020|2026-09-12
CDF-0033|Additional Funding For Steel Drum Compactor|All Wards|Road Infrastructure|N/A|N/A|2024|Approved|https://www.kalomocouncil.gov.zm/?page_id=3020|2026-09-12
CDF-0034|Additional Funding For Drilling Rig|All Wards|Water Infrastructure|N/A|N/A|2024|Approved|https://www.kalomocouncil.gov.zm/?page_id=3020|2026-09-12
CDF-0035|Completion Of 1X3 Crb At Kasikili|Sipatunyana|Education|N/A|N/A|2024|Approved|https://www.kalomocouncil.gov.zm/?page_id=3020|2026-09-12
CDF-0036|Completion Of 1X3 Crb At Macraymond|Mwaata|Education|N/A|N/A|2024|Approved|https://www.kalomocouncil.gov.zm/?page_id=3020|2026-09-12
CDF-0037|Completion Of 1X3 Crb At Sikweya|Chawila|Education|N/A|N/A|2024|Approved|https://www.kalomocouncil.gov.zm/?page_id=3020|2026-09-12
CDF-0038|Completion Of 1X2 Crb At Siampayuma School|Kalonda|Education|N/A|N/A|2024|Approved|https://www.kalomocouncil.gov.zm/?page_id=3020|2026-09-12
CDF-0039|Completion Of Clinic At Mulwazi|Simayakwe|Health|N/A|N/A|2024|Approved|https://www.kalomocouncil.gov.zm/?page_id=3020|2026-09-12
CDF-0040|Completion Of Clinic Muchenje Rhc|Choonga|Health|N/A|N/A|2024|Approved|https://www.kalomocouncil.gov.zm/?page_id=3020|2026-09-12
CDF-0041|Completion Of Clinic Dabali Rhc|Nachikungu|Health|N/A|N/A|2024|Approved|https://www.kalomocouncil.gov.zm/?page_id=3020|2026-09-12
CDF-0042|Completion Of Mourtary At Siachitema Rhc|Siachitema|Health|N/A|N/A|2024|Approved|https://www.kalomocouncil.gov.zm/?page_id=3020|2026-09-12
CDF-0043|Completion Of Clinic At Nakabanga Clinic|Siachitema|Health|N/A|N/A|2024|Approved|https://www.kalomocouncil.gov.zm/?page_id=3020|2026-09-12
CDF-0044|Completion Of 1X3 Science Laboraorty At Dimbwe|Nachikungu|Health|N/A|N/A|2024|Approved|https://www.kalomocouncil.gov.zm/?page_id=3020|2026-09-12
CDF-0045|Completion Of Ablution Block At Good Hope Primary School|Namwianga|Education|N/A|N/A|2024|Approved|https://www.kalomocouncil.gov.zm/?page_id=3020|2026-09-12
CDF-0046|Completion Of Bbelo Health Post|Namwianga|Health|N/A|N/A|2024|Approved|https://www.kalomocouncil.gov.zm/?page_id=3020|2026-09-12
CDF-0047|Completion Of Siabalumbi Post|Namwianga|Health|N/A|N/A|2024|Approved|https://www.kalomocouncil.gov.zm/?page_id=3020|2026-09-12
CDF-0048|Rehabilitation Qf Vet Ext. House At Chifusa|Chifusa|Veterinary|N/A|N/A|2024|Approved|https://www.kalomocouncil.gov.zm/?page_id=3020|2026-09-12
CDF-0049|Completion Of Maternity Wing At Chifusa Rhc|Chifusa|Health|N/A|N/A|2024|Approved|https://www.kalomocouncil.gov.zm/?page_id=3020|2026-09-12
CDF-0050|Completion Of Laboratory At Chifusa Prim & Secondary Sch|Chifusa|Education|N/A|N/A|2024|Approved|https://www.kalomocouncil.gov.zm/?page_id=3020|2026-09-12
CDF-0051|Completion Qf 1X3Crb At Rr Primary School|Chilesha|Education|N/A|N/A|2024|Approved|https://www.kalomocouncil.gov.zm/?page_id=3020|2026-09-12
CDF-0052|Disaster Component Supply, Delevery And Installation Of The Solar System At Kasizi; Nantale, Nalubumba /And Tara Health Posts|N/A|Health|N/A|N/A|2024|Approved|https://www.kalomocouncil.gov.zm/?page_id=3020|2026-09-12
CDF-0053|Rehabilitation Of A 1X3 Classroom Block At Malala|Chilesha|Education|N/A|N/A|2024|Approved|https://www.kalomocouncil.gov.zm/?page_id=3020|2026-09-12
CDF-0054|Tlb|All Wards|Transport|N/A|N/A|2025|Approved|https://www.kalomocouncil.gov.zm/?page_id=3025|2026-09-12
CDF-0055|Desks|All Wards|Education|N/A|N/A|2025|Approved|https://www.kalomocouncil.gov.zm/?page_id=3025|2026-09-12
CDF-0056|Grader|All Wards|Transport|N/A|N/A|2025|Approved|https://www.kalomocouncil.gov.zm/?page_id=3025|2026-09-12
CDF-0057|Nahila Dip Tank|Bbilili|Water and Sanitation|N/A|N/A|2025|Not Approved|https://www.kalomocouncil.gov.zm/?page_id=3025|2026-09-12
CDF-0058|Nsalali Primary And Secondary School|Bbilili|Education|N/A|N/A|2025|Not Approved|https://www.kalomocouncil.gov.zm/?page_id=3025|2026-09-12
CDF-0059|Nzamaya Kwamulu Agriculture Cooperative Society|Bbilili|Water and Sanitation|N/A|N/A|2025|Not Approved|https://www.kalomocouncil.gov.zm/?page_id=3025|2026-09-12
CDF-0060|Katambwela Village|Bbilili|Water and Sanitation|N/A|N/A|2025|Not Approved|https://www.kalomocouncil.gov.zm/?page_id=3025|2026-09-12
CDF-0061|Village Chibamba|Bbilili|Water and Sanitation|N/A|N/A|2025|Not Approved|https://www.kalomocouncil.gov.zm/?page_id=3025|2026-09-12
CDF-0062|Sikabanga Community|Bbilili|Water and Sanitation|N/A|N/A|2025|Not Approved|https://www.kalomocouncil.gov.zm/?page_id=3025|2026-09-12
CDF-0063|Zamaya Kwamuli Agriculture Cooperative Society|Bbilili|Water and Sanitation|N/A|N/A|2025|Not Approved|https://www.kalomocouncil.gov.zm/?page_id=3025|2026-09-12
CDF-0064|Chibamba € Village|Bbilili|Water and Sanitation|N/A|N/A|2025|Not Approved|https://www.kalomocouncil.gov.zm/?page_id=3025|2026-09-12
CDF-0065|Nakwenda Village|Bbilili|Water and Sanitation|N/A|N/A|2025|Not Approved|https://www.kalomocouncil.gov.zm/?page_id=3025|2026-09-12
CDF-0066|Nakwenda Village Alick Muleya|Bbilili|Water and Sanitation|N/A|N/A|2025|Not Approved|https://www.kalomocouncil.gov.zm/?page_id=3025|2026-09-12
CDF-0067|Nahila Primary School|Bbilili|Education|N/A|N/A|2025|Not Approved|https://www.kalomocouncil.gov.zm/?page_id=3025|2026-09-12
CDF-0068|Kakuyu Community|Bbilili|Water and Sanitation|N/A|N/A|2025|Not Approved|https://www.kalomocouncil.gov.zm/?page_id=3025|2026-09-12
CDF-0069|Kakuyu Community Siachaama|Bbilili|Water and Sanitation|N/A|N/A|2025|Not Approved|https://www.kalomocouncil.gov.zm/?page_id=3025|2026-09-12
CDF-0070|Katambwela Village (Chisekese Place)|Bbilili|Water and Sanitation|N/A|N/A|2025|Not Approved|https://www.kalomocouncil.gov.zm/?page_id=3025|2026-09-12
CDF-0071|Zintu-Nkusola Community|Bbilili|Water and Sanitation|N/A|N/A|2025|Not Approved|https://www.kalomocouncil.gov.zm/?page_id=3025|2026-09-12
CDF-0072|Maloba B Community|Bbilili|Water and Sanitation|N/A|N/A|2025|Not Approved|https://www.kalomocouncil.gov.zm/?page_id=3025|2026-09-12
CDF-0073|Mukuyu Community Group Under Munsaka Village|Bbilili|Water and Sanitation|N/A|N/A|2025|Not Approved|https://www.kalomocouncil.gov.zm/?page_id=3025|2026-09-12
CDF-0074|Mukuyu Community|Bbilili|Water and Sanitation|N/A|N/A|2025|Not Approved|https://www.kalomocouncil.gov.zm/?page_id=3025|2026-09-12
CDF-0075|Stmalele Multi Purpose Solar Powered Project|Bbilili|Water and Sanitation|N/A|N/A|2025|Not Approved|https://www.kalomocouncil.gov.zm/?page_id=3025|2026-09-12
CDF-0076|Kamotwe Agriculture Cooperative Society|Bbilili|Water and Sanitation|N/A|N/A|2025|Not Approved|https://www.kalomocouncil.gov.zm/?page_id=3025|2026-09-12
CDF-0077|Twalila Kuno|Bbilili|Water and Sanitation|N/A|N/A|2025|Not Approved|https://www.kalomocouncil.gov.zm/?page_id=3025|2026-09-12
CDF-0078|Sikalezu (Mulebwente Village) Community|Bbilili|Water and Sanitation|N/A|N/A|2025|Not Approved|https://www.kalomocouncil.gov.zm/?page_id=3025|2026-09-12
CDF-0079|Kalundu Siantambo West|Bbilili|Water and Sanitation|N/A|N/A|2025|Not Approved|https://www.kalomocouncil.gov.zm/?page_id=3025|2026-09-12
CDF-0080|Twapenga Community|Bbilili|Water and Sanitation|N/A|N/A|2025|Not Approved|https://www.kalomocouncil.gov.zm/?page_id=3025|2026-09-12
CDF-0081|Katanda Chitumbi|Bbilili|Water and Sanitation|N/A|N/A|2025|Not Approved|https://www.kalomocouncil.gov.zm/?page_id=3025|2026-09-12
CDF-0082|Kaumuzya Community|Bbilili|Water and Sanitation|N/A|N/A|2025|Not Approved|https://www.kalomocouncil.gov.zm/?page_id=3025|2026-09-12
CDF-0083|Kalembela|Bbilili|Education|N/A|N/A|2025|Not Approved|https://www.kalomocouncil.gov.zm/?page_id=3025|2026-09-12
CDF-0084|Kalembela Community|Bbilili|Education|N/A|N/A|2025|Not Approved|https://www.kalomocouncil.gov.zm/?page_id=3025|2026-09-12
CDF-0085|Bbilili Rural Health Centre|Bbilili|Health|N/A|N/A|2025|Not Approved|https://www.kalomocouncil.gov.zm/?page_id=3025|2026-09-12
CDF-0086|Choonde Community|Bbilili|Water and Sanitation|N/A|N/A|2025|Not Approved|https://www.kalomocouncil.gov.zm/?page_id=3025|2026-09-12
CDF-0087|Mupondo Community|Bbilili|Water and Sanitation|N/A|N/A|2025|Not Approved|https://www.kalomocouncil.gov.zm/?page_id=3025|2026-09-12
CDF-0088|Twayuminwa|Bbilili|Water and Sanitation|N/A|N/A|2025|Not Approved|https://www.kalomocouncil.gov.zm/?page_id=3025|2026-09-12
CDF-0089|Chitumbi Community|Bbilili|Water and Sanitation|N/A|N/A|2025|Not Approved|https://www.kalomocouncil.gov.zm/?page_id=3025|2026-09-12
CDF-0090|Maunga Community|Bbilili|Water and Sanitation|N/A|N/A|2025|Not Approved|https://www.kalomocouncil.gov.zm/?page_id=3025|2026-09-12
CDF-0091|Nabusanga Primary School|Bbilili|Education|N/A|N/A|2025|Not Approved|https://www.kalomocouncil.gov.zm/?page_id=3025|2026-09-12
CDF-0092|Chimapa Yuma Communiy|Bbilili|Water and Sanitation|N/A|N/A|2025|Not Approved|https://www.kalomocouncil.gov.zm/?page_id=3025|2026-09-12
CDF-0093|Mapenzi Mwiiyi Top Ten Group|Bbilili|Water and Sanitation|N/A|N/A|2025|Not Approved|https://www.kalomocouncil.gov.zm/?page_id=3025|2026-09-12
CDF-0094|Siamapande Community|Bbilili|Water and Sanitation|N/A|N/A|2025|Not Approved|https://www.kalomocouncil.gov.zm/?page_id=3025|2026-09-12
CDF-0095|Chibengelele Community|Bbilili|Water and Sanitation|N/A|N/A|2025|Not Approved|https://www.kalomocouncil.gov.zm/?page_id=3025|2026-09-12
CDF-0096|Mutumbi Community|Bbilili|Water and Sanitation|N/A|N/A|2025|Not Approved|https://www.kalomocouncil.gov.zm/?page_id=3025|2026-09-12
CDF-0097|Mabombo Hillside|Bbilili|Water and Sanitation|N/A|N/A|2025|Not Approved|https://www.kalomocouncil.gov.zm/?page_id=3025|2026-09-12
CDF-0098|Bbilili Basic School|Bbilili|Water and Sanitation|N/A|N/A|2025|Not Approved|https://www.kalomocouncil.gov.zm/?page_id=3025|2026-09-12
CDF-0099|Nazibbula Solar Pump|Bbilili|Water and Sanitation|N/A|N/A|2025|Approved|https://www.kalomocouncil.gov.zm/?page_id=3025|2026-09-12
CDF-0100|X2 Crb At Nsalali Primary School|Bbilili|Education|N/A|N/A|2025|Approved|https://www.kalomocouncil.gov.zm/?page_id=3025|2026-09-12
CDF-0101|Lrrigation System At Nangubo Dam|Bbilili|Agriculture|N/A|N/A|2025|Approved|https://www.kalomocouncil.gov.zm/?page_id=3025|2026-09-12
CDF-0102|Staff House Nabusanga Primary School|Bbilili|Education|N/A|N/A|2025|Approved|https://www.kalomocouncil.gov.zm/?page_id=3025|2026-09-12
CDF-0103|Completion Of Staff House Kalembela Primary School|Bbilili|Education|N/A|N/A|2025|Approved|https://www.kalomocouncil.gov.zm/?page_id=3025|2026-09-12
CDF-0104|Completion Of Staff House Kalembela Primary School|Chamuka|Education|N/A|N/A|2025|Approved|https://www.kalomocouncil.gov.zm/?page_id=3025|2026-09-12
CDF-0105|Construction Siantete Staff House|Chamuka|Education|N/A|N/A|2025|Approved|https://www.kalomocouncil.gov.zm/?page_id=3025|2026-09-12
CDF-0106|Drilling Qf 3 Boreholes|Chamuka|Water and Sanitation|N/A|N/A|2025|Approved|https://www.kalomocouncil.gov.zm/?page_id=3025|2026-09-12
CDF-0107|Tanks Chemicals For Dip `|Chamuka|Livestock|N/A|N/A|2025|Approved|https://www.kalomocouncil.gov.zm/?page_id=3025|2026-09-12
CDF-0108|Borehole At Gumbe B|Chamuka|Education|N/A|N/A|2025|Not Approved|https://www.kalomocouncil.gov.zm/?page_id=3025|2026-09-12
CDF-0109|Siabunkululu Rural Health Centre|Chamuka|Health|N/A|N/A|2025|Not Approved|https://www.kalomocouncil.gov.zm/?page_id=3025|2026-09-12
CDF-0110|Katambwela Rural Health Post|Chamuka|Health|N/A|N/A|2025|Not Approved|https://www.kalomocouncil.gov.zm/?page_id=3025|2026-09-12
CDF-0111|Sichimbwali Community|Chamuka|Health|N/A|N/A|2025|Not Approved|https://www.kalomocouncil.gov.zm/?page_id=3025|2026-09-12
CDF-0112|Sichimbwali Community|Chamuka|Education|N/A|N/A|2025|Not Approved|https://www.kalomocouncil.gov.zm/?page_id=3025|2026-09-12
CDF-0113|Siabunkululu Rural Health Centre|Chamuka|Health|N/A|N/A|2025|Not Approved|https://www.kalomocouncil.gov.zm/?page_id=3025|2026-09-12
CDF-0114|Siabunkululu Rural Health Centre|Chamuka|Health|N/A|N/A|2025|Not Approved|https://www.kalomocouncil.gov.zm/?page_id=3025|2026-09-12
CDF-0115|Isiabunkululu Rural Health Centre|Chamuka|Water and Sanitation|N/A|N/A|2025|Not Approved|https://www.kalomocouncil.gov.zm/?page_id=3025|2026-09-12
CDF-0116|Mukoma Community|Chamuka|Water and Sanitation|N/A|N/A|2025|Not Approved|https://www.kalomocouncil.gov.zm/?page_id=3025|2026-09-12
CDF-0117|Community Sichimbwali|Chamuka|Water and Sanitation|N/A|N/A|2025|Not Approved|https://www.kalomocouncil.gov.zm/?page_id=3025|2026-09-12
CDF-0118|(Siabuakululu Primary School|Chamuka|Water and Sanitation|N/A|N/A|2025|Not Approved|https://www.kalomocouncil.gov.zm/?page_id=3025|2026-09-12
CDF-0119|Iamusute Village|Chamuka|Water and Sanitation|N/A|N/A|2025|Not Approved|https://www.kalomocouncil.gov.zm/?page_id=3025|2026-09-12
CDF-0120|Hantete Village|Chamuka|Water and Sanitation|N/A|N/A|2025|Not Approved|https://www.kalomocouncil.gov.zm/?page_id=3025|2026-09-12
CDF-0121|Mapulanga Village|Chamuka|Water and Sanitation|N/A|N/A|2025|Not Approved|https://www.kalomocouncil.gov.zm/?page_id=3025|2026-09-12
CDF-0122|Siabunkululu|Chamuka|Water and Sanitation|N/A|N/A|2025|Not Approved|https://www.kalomocouncil.gov.zm/?page_id=3025|2026-09-12
CDF-0123|Nachingoni Community|Chamuka|Water and Sanitation|N/A|N/A|2025|Not Approved|https://www.kalomocouncil.gov.zm/?page_id=3025|2026-09-12
CDF-0124|Habalangu-Mukampande Villages|Chamuka|Water and Sanitation|N/A|N/A|2025|Not Approved|https://www.kalomocouncil.gov.zm/?page_id=3025|2026-09-12
CDF-0125|Humbe Community|Chamuka|Water and Sanitation|N/A|N/A|2025|Not Approved|https://www.kalomocouncil.gov.zm/?page_id=3025|2026-09-12
CDF-0126|Hazema + Village|Chamuka|Water and Sanitation|N/A|N/A|2025|Not Approved|https://www.kalomocouncil.gov.zm/?page_id=3025|2026-09-12
CDF-0127|Maliko Community|Chamuka|Water and Sanitation|N/A|N/A|2025|Not Approved|https://www.kalomocouncil.gov.zm/?page_id=3025|2026-09-12
CDF-0128|Mugololo Village|Chamuka|Water and Sanitation|N/A|N/A|2025|Not Approved|https://www.kalomocouncil.gov.zm/?page_id=3025|2026-09-12
CDF-0129|Haameje Village|Chamuka|Water and Sanitation|N/A|N/A|2025|Not Approved|https://www.kalomocouncil.gov.zm/?page_id=3025|2026-09-12
CDF-0130|Habalele Community|Chamuka|Water and Sanitation|N/A|N/A|2025|Not Approved|https://www.kalomocouncil.gov.zm/?page_id=3025|2026-09-12
CDF-0131|Katambo Village|Chamuka|Water and Sanitation|N/A|N/A|2025|Not Approved|https://www.kalomocouncil.gov.zm/?page_id=3025|2026-09-12
CDF-0132|Kangabale Village|Chamuka|Water and Sanitation|N/A|N/A|2025|Not Approved|https://www.kalomocouncil.gov.zm/?page_id=3025|2026-09-12
CDF-0133|Kangabale Village Sikaale Village|Chamuka|Water and Sanitation|N/A|N/A|2025|Not Approved|https://www.kalomocouncil.gov.zm/?page_id=3025|2026-09-12
CDF-0134|Havwabi Village|Chamuka|Water and Sanitation|N/A|N/A|2025|Not Approved|https://www.kalomocouncil.gov.zm/?page_id=3025|2026-09-12
CDF-0135|Havwabi Village|Chamuka|Water and Sanitation|N/A|N/A|2025|Not Approved|https://www.kalomocouncil.gov.zm/?page_id=3025|2026-09-12
CDF-0136|Passmore Muchindu|Chamuka|Water and Sanitation|N/A|N/A|2025|Not Approved|https://www.kalomocouncil.gov.zm/?page_id=3025|2026-09-12
CDF-0137|Ktambwela Village|Chamuka|Water and Sanitation|N/A|N/A|2025|Not Approved|https://www.kalomocouncil.gov.zm/?page_id=3025|2026-09-12
CDF-0138|A Village Hatyoka|Chamuka|Water and Sanitation|N/A|N/A|2025|Not Approved|https://www.kalomocouncil.gov.zm/?page_id=3025|2026-09-12
CDF-0139|Siabunkululu|Chamuka|Water and Sanitation|N/A|N/A|2025|Not Approved|https://www.kalomocouncil.gov.zm/?page_id=3025|2026-09-12
CDF-0140|Sichikulo Villlage|Chamuka|Water and Sanitation|N/A|N/A|2025|Not Approved|https://www.kalomocouncil.gov.zm/?page_id=3025|2026-09-12
CDF-0141|Gumbe B Village|Chamuka|Water and Sanitation|N/A|N/A|2025|Not Approved|https://www.kalomocouncil.gov.zm/?page_id=3025|2026-09-12
CDF-0142|Chinkuli Village|Chamuka|Water and Sanitation|N/A|N/A|2025|Not Approved|https://www.kalomocouncil.gov.zm/?page_id=3025|2026-09-12
CDF-0143|Mbelika Village|Chamuka|Water and Sanitation|N/A|N/A|2025|Not Approved|https://www.kalomocouncil.gov.zm/?page_id=3025|2026-09-12
CDF-0144|Nzila Village|Chamuka|Water and Sanitation|N/A|N/A|2025|Not Approved|https://www.kalomocouncil.gov.zm/?page_id=3025|2026-09-12
CDF-0145|Hamboole Village|Chamuka|Water and Sanitation|N/A|N/A|2025|Not Approved|https://www.kalomocouncil.gov.zm/?page_id=3025|2026-09-12
CDF-0146|Zumanana Community|Chamuka|Water and Sanitation|N/A|N/A|2025|Not Approved|https://www.kalomocouncil.gov.zm/?page_id=3025|2026-09-12
CDF-0147|Hapondo Village|Chamuka|Water and Sanitation|N/A|N/A|2025|Not Approved|https://www.kalomocouncil.gov.zm/?page_id=3025|2026-09-12
CDF-0148|Isimbwedle South Village|Chamuka|Water and Sanitation|N/A|N/A|2025|Not Approved|https://www.kalomocouncil.gov.zm/?page_id=3025|2026-09-12
CDF-0149|Namita Village|Chamuka|Water and Sanitation|N/A|N/A|2025|Not Approved|https://www.kalomocouncil.gov.zm/?page_id=3025|2026-09-12
CDF-0150|Chibya Busiku Village|Chamuka|Water and Sanitation|N/A|N/A|2025|Not Approved|https://www.kalomocouncil.gov.zm/?page_id=3025|2026-09-12
CDF-0151|Nachingoni Hamubbampa Community|Chamuka|Water and Sanitation|N/A|N/A|2025|Not Approved|https://www.kalomocouncil.gov.zm/?page_id=3025|2026-09-12
CDF-0152|Munyeke Parent And Teacher'S Association|Chamuka|Water and Sanitation|N/A|N/A|2025|Not Approved|https://www.kalomocouncil.gov.zm/?page_id=3025|2026-09-12
CDF-0153|Sikaate Community|Chamuka|Water and Sanitation|N/A|N/A|2025|Not Approved|https://www.kalomocouncil.gov.zm/?page_id=3025|2026-09-12
CDF-0154|Katambo North Community Area|Chamuka|Water and Sanitation|N/A|N/A|2025|Not Approved|https://www.kalomocouncil.gov.zm/?page_id=3025|2026-09-12
CDF-0155|Magwaza Community|Chamuka|Water and Sanitation|N/A|N/A|2025|Not Approved|https://www.kalomocouncil.gov.zm/?page_id=3025|2026-09-12
CDF-0156|Munyeke Community|Chamuka|Water and Sanitation|N/A|N/A|2025|Not Approved|https://www.kalomocouncil.gov.zm/?page_id=3025|2026-09-12
CDF-0157|Siabunkululu Primary School|Chamuka|Education|N/A|N/A|2025|Not Approved|https://www.kalomocouncil.gov.zm/?page_id=3025|2026-09-12
CDF-0158|Chiwa Community|Chamuka|Livestock|N/A|N/A|2025|Not Approved|https://www.kalomocouncil.gov.zm/?page_id=3025|2026-09-12
CDF-0159|Nachingoni Community|Chamuka|Water and Sanitation|N/A|N/A|2025|Not Approved|https://www.kalomocouncil.gov.zm/?page_id=3025|2026-09-12
CDF-0160|Siantete Community|Chamuka|Livestock|N/A|N/A|2025|Not Approved|https://www.kalomocouncil.gov.zm/?page_id=3025|2026-09-12
CDF-0161|Siantete Community|Chamuka|Education|N/A|N/A|2025|Not Approved|https://www.kalomocouncil.gov.zm/?page_id=3025|2026-09-12
CDF-0162|Kakuyu Community|Chamuka|Infrastructure|N/A|N/A|2025|Not Approved|https://www.kalomocouncil.gov.zm/?page_id=3025|2026-09-12
CDF-0163|Sichimbwali Sda South Church|Chamuka|Infrastructure|N/A|N/A|2025|Not Approved|https://www.kalomocouncil.gov.zm/?page_id=3025|2026-09-12
CDF-0164|Gates Sda Church|Chamuka|Infrastructure|N/A|N/A|2025|Not Approved|https://www.kalomocouncil.gov.zm/?page_id=3025|2026-09-12
CDF-0165|Sichimbwali Bic Church|Chamuka|Infrastructure|N/A|N/A|2025|Not Approved|https://www.kalomocouncil.gov.zm/?page_id=3025|2026-09-12
CDF-0166|Sichimbwali Primary School|Chamuka|Education|N/A|N/A|2025|Not Approved|https://www.kalomocouncil.gov.zm/?page_id=3025|2026-09-12
CDF-0167|Sichimbwali Community|Chamuka|Livestock|N/A|N/A|2025|Not Approved|https://www.kalomocouncil.gov.zm/?page_id=3025|2026-09-12
CDF-0168|Sichtmbwali Primary School|Chamuka|Education|N/A|N/A|2025|Not Approved|https://www.kalomocouncil.gov.zm/?page_id=3025|2026-09-12
CDF-0169|Morden Matrket At Schimbwali|Chamuka|Commerce and Trade|N/A|N/A|2025|Not Approved|https://www.kalomocouncil.gov.zm/?page_id=3025|2026-09-12
CDF-0170|River Cross Primary School|Chamuka|Education|N/A|N/A|2025|Not Approved|https://www.kalomocouncil.gov.zm/?page_id=3025|2026-09-12
CDF-0171|Munyeke Community|Chamuka|Education|N/A|N/A|2025|Not Approved|https://www.kalomocouncil.gov.zm/?page_id=3025|2026-09-12
CDF-0172|Chilala Secondary School|Chikanta|Education|N/A|N/A|2025|Not Approved|https://www.kalomocouncil.gov.zm/?page_id=3025|2026-09-12
CDF-0173|Chilala Primary School|Chikanta|Education|N/A|N/A|2025|Not Approved|https://www.kalomocouncil.gov.zm/?page_id=3025|2026-09-12
CDF-0174|Chilala Secondary School|Chikanta|Education|N/A|N/A|2025|Not Approved|https://www.kalomocouncil.gov.zm/?page_id=3025|2026-09-12
CDF-0175|Chilala Secondary School|Chikanta|Education|N/A|N/A|2025|Not Approved|https://www.kalomocouncil.gov.zm/?page_id=3025|2026-09-12
CDF-0176|Chikanta Primary School|Chikanta|Education|N/A|N/A|2025|Not Approved|https://www.kalomocouncil.gov.zm/?page_id=3025|2026-09-12
CDF-0177|Chikanta Primary School|Chikanta|Water and Sanitation|N/A|N/A|2025|Not Approved|https://www.kalomocouncil.gov.zm/?page_id=3025|2026-09-12
CDF-0178|Mweembo Primary School|Chikanta|Education|N/A|N/A|2025|Not Approved|https://www.kalomocouncil.gov.zm/?page_id=3025|2026-09-12
CDF-0179|Mweembo Primary School Mabombo Primary School|Chikanta|Education|N/A|N/A|2025|Not Approved|https://www.kalomocouncil.gov.zm/?page_id=3025|2026-09-12
CDF-0180|Habulile Community School|Chikanta|Education|N/A|N/A|2025|Not Approved|https://www.kalomocouncil.gov.zm/?page_id=3025|2026-09-12
CDF-0181|Mweembo Primary School|Chikanta|Water and Sanitation|N/A|N/A|2025|Not Approved|https://www.kalomocouncil.gov.zm/?page_id=3025|2026-09-12
CDF-0182|Chilala Mechanised System|Chikanta|Water and Sanitation|N/A|N/A|2025|Not Approved|https://www.kalomocouncil.gov.zm/?page_id=3025|2026-09-12
CDF-0183|Chilala Mechanised System Chikanta Primary School|Chikanta|Education|N/A|N/A|2025|Not Approved|https://www.kalomocouncil.gov.zm/?page_id=3025|2026-09-12
CDF-0184|Kaminya Community School|Chikanta|Education|N/A|N/A|2025|Not Approved|https://www.kalomocouncil.gov.zm/?page_id=3025|2026-09-12
CDF-0185|Chilala Community School|Chikanta|Education|N/A|N/A|2025|Not Approved|https://www.kalomocouncil.gov.zm/?page_id=3025|2026-09-12
CDF-0186|Habulile Primary And Secondary School|Chikanta|Education|N/A|N/A|2025|Not Approved|https://www.kalomocouncil.gov.zm/?page_id=3025|2026-09-12
CDF-0187|Kaumbasimunza And Simutenguna Village|Chikanta|Water and Sanitation|N/A|N/A|2025|Not Approved|https://www.kalomocouncil.gov.zm/?page_id=3025|2026-09-12
CDF-0188|Kapondo Branch (Simunza Village)|Chikanta|Water and Sanitation|N/A|N/A|2025|Not Approved|https://www.kalomocouncil.gov.zm/?page_id=3025|2026-09-12
CDF-0189|Kabunda East|Chikanta|Water and Sanitation|N/A|N/A|2025|Not Approved|https://www.kalomocouncil.gov.zm/?page_id=3025|2026-09-12
CDF-0190|Hambenzu Village|Chikanta|Water and Sanitation|N/A|N/A|2025|Not Approved|https://www.kalomocouncil.gov.zm/?page_id=3025|2026-09-12
CDF-0191|Mulala Village|Chikanta|Water and Sanitation|N/A|N/A|2025|Not Approved|https://www.kalomocouncil.gov.zm/?page_id=3025|2026-09-12
CDF-0192|Hachipombe North|Chikanta|Water and Sanitation|N/A|N/A|2025|Not Approved|https://www.kalomocouncil.gov.zm/?page_id=3025|2026-09-12
CDF-0193|Lubomba Village|Chikanta|Water and Sanitation|N/A|N/A|2025|Not Approved|https://www.kalomocouncil.gov.zm/?page_id=3025|2026-09-12
CDF-0194|Muchenjeje Village|Chikanta|Water and Sanitation|N/A|N/A|2025|Not Approved|https://www.kalomocouncil.gov.zm/?page_id=3025|2026-09-12
CDF-0195|Kalama Community|Chikanta|Water and Sanitation|N/A|N/A|2025|Not Approved|https://www.kalomocouncil.gov.zm/?page_id=3025|2026-09-12
CDF-0196|Mweemba Village|Chikanta|Water and Sanitation|N/A|N/A|2025|Not Approved|https://www.kalomocouncil.gov.zm/?page_id=3025|2026-09-12
CDF-0197|Hachipombe West|Chikanta|Water and Sanitation|N/A|N/A|2025|Not Approved|https://www.kalomocouncil.gov.zm/?page_id=3025|2026-09-12
CDF-0198|Simachbele Village|Chikanta|Water and Sanitation|N/A|N/A|2025|Not Approved|https://www.kalomocouncil.gov.zm/?page_id=3025|2026-09-12
CDF-0199|Sibombo|Chikanta|Water and Sanitation|N/A|N/A|2025|Not Approved|https://www.kalomocouncil.gov.zm/?page_id=3025|2026-09-12
CDF-0200|Hachipombe South Village|Chikanta|Water and Sanitation|N/A|N/A|2025|Not Approved|https://www.kalomocouncil.gov.zm/?page_id=3025|2026-09-12
CDF-0201|Nalube West|Chikanta|Water and Sanitation|N/A|N/A|2025|Not Approved|https://www.kalomocouncil.gov.zm/?page_id=3025|2026-09-12
CDF-0202|Hanambe Community|Chikanta|Water and Sanitation|N/A|N/A|2025|Not Approved|https://www.kalomocouncil.gov.zm/?page_id=3025|2026-09-12
CDF-0203|Cheebamalundu Village (Kangomba Community)|Chikanta|Water and Sanitation|N/A|N/A|2025|Not Approved|https://www.kalomocouncil.gov.zm/?page_id=3025|2026-09-12
CDF-0204|Borehole Drilling Of|Chikanta|Water and Sanitation|N/A|N/A|2025|Not Approved|https://www.kalomocouncil.gov.zm/?page_id=3025|2026-09-12
CDF-0205|Kamuseka Community|Chikanta|Water and Sanitation|N/A|N/A|2025|Not Approved|https://www.kalomocouncil.gov.zm/?page_id=3025|2026-09-12
CDF-0206|Kalemu Primary School|Chikanta|Education|N/A|N/A|2025|Not Approved|https://www.kalomocouncil.gov.zm/?page_id=3025|2026-09-12
CDF-0207|Dunuka Primary|Chikanta|Education|N/A|N/A|2025|Not Approved|https://www.kalomocouncil.gov.zm/?page_id=3025|2026-09-12
CDF-0208|Kasuwe Primary And Secondary|Chikanta|Education|N/A|N/A|2025|Not Approved|https://www.kalomocouncil.gov.zm/?page_id=3025|2026-09-12
CDF-0209|Kasuwe Primary And Secondary|Chikanta|Health|N/A|N/A|2025|Not Approved|https://www.kalomocouncil.gov.zm/?page_id=3025|2026-09-12
CDF-0210|Ralemu Health Post|Chikanta|Health|N/A|N/A|2025|Not Approved|https://www.kalomocouncil.gov.zm/?page_id=3025|2026-09-12
CDF-0211|Kalemu Health Post|Chikanta|Health|N/A|N/A|2025|Not Approved|https://www.kalomocouncil.gov.zm/?page_id=3025|2026-09-12
CDF-0212|Kasukwe Community|Chikanta|Education|N/A|N/A|2025|Approved|https://www.kalomocouncil.gov.zm/?page_id=3025|2026-09-12
CDF-0213|Chilala 1X2 Crb|Chikanta|Water and Sanitation|N/A|N/A|2025|Approved|https://www.kalomocouncil.gov.zm/?page_id=3025|2026-09-12
CDF-0214|Drilling Qf 3 Borehole|Chikanta|Education|N/A|N/A|2025|Approved|https://www.kalomocouncil.gov.zm/?page_id=3025|2026-09-12
CDF-0215|Chemicals For 5 Dip Tanks|Chikanta|Livestock|N/A|N/A|2025|Approved|https://www.kalomocouncil.gov.zm/?page_id=3025|2026-09-12
CDF-0216|Mandema Community|Kasukwe|Infrastructure|N/A|N/A|2025|Not Approved|https://www.kalomocouncil.gov.zm/?page_id=3025|2026-09-12
CDF-0217|Mandema Community|Kasukwe|Education|N/A|N/A|2025|Not Approved|https://www.kalomocouncil.gov.zm/?page_id=3025|2026-09-12
CDF-0218|Kasukwe Community|Kasukwe|Infrastructure|N/A|N/A|2025|Not Approved|https://www.kalomocouncil.gov.zm/?page_id=3025|2026-09-12
CDF-0219|Dunka Zone|Kasukwe|Education|N/A|N/A|2025|Not Approved|https://www.kalomocouncil.gov.zm/?page_id=3025|2026-09-12
CDF-0220|Ijonathaa Sims Secondary School|Kasukwe|Education|N/A|N/A|2025|Not Approved|https://www.kalomocouncil.gov.zm/?page_id=3025|2026-09-12
CDF-0221|Jonathan Sims Secondary School|Kasukwe|Energy|N/A|N/A|2025|Not Approved|https://www.kalomocouncil.gov.zm/?page_id=3025|2026-09-12
CDF-0222|Jonathan Sims Secondary Schoql|Kasukwe|Education|N/A|N/A|2025|Not Approved|https://www.kalomocouncil.gov.zm/?page_id=3025|2026-09-12
CDF-0223|Hjonathaa Sims Secondary School|Kasukwe|Livestock|N/A|N/A|2025|Not Approved|https://www.kalomocouncil.gov.zm/?page_id=3025|2026-09-12
CDF-0224|Tusavgane Community Society|Kasukwe|Education|N/A|N/A|2025|Not Approved|https://www.kalomocouncil.gov.zm/?page_id=3025|2026-09-12
CDF-0225|Nakatala Primary School|Kasukwe|Water and Sanitation|N/A|N/A|2025|Not Approved|https://www.kalomocouncil.gov.zm/?page_id=3025|2026-09-12
CDF-0226|Nakatala Primary School|Kasukwe|Education|N/A|N/A|2025|Not Approved|https://www.kalomocouncil.gov.zm/?page_id=3025|2026-09-12
CDF-0227|Nakatala Primary School|Kasuku|Livestock|N/A|N/A|2025|Not Approved|https://www.kalomocouncil.gov.zm/?page_id=3025|2026-09-12
CDF-0228|Dunka|Kasukwe|Commerce and Trade|N/A|N/A|2025|Not Approved|https://www.kalomocouncil.gov.zm/?page_id=3025|2026-09-12
CDF-0229|Kasukwe Community|Kasukwe|Education|N/A|N/A|2025|Not Approved|https://www.kalomocouncil.gov.zm/?page_id=3025|2026-09-12
CDF-0230|Kalemu Primary School|Kasukwe|Education|N/A|N/A|2025|Not Approved|https://www.kalomocouncil.gov.zm/?page_id=3025|2026-09-12
CDF-0231|Isichibeya Primary Squoql|Kasukwe|Health|N/A|N/A|2025|Approved|https://www.kalomocouncil.gov.zm/?page_id=3025|2026-09-12
CDF-0232|Construction Of Dunuka Health Post|Kasukwe|Water and Sanitation|N/A|N/A|2025|Approved|https://www.kalomocouncil.gov.zm/?page_id=3025|2026-09-12
CDF-0233|Chemicals For Dip Tanks|Kasukwe|Livestock|N/A|N/A|2025|Approved|https://www.kalomocouncil.gov.zm/?page_id=3025|2026-09-12
CDF-0234|Drilling Of A Borehole|Katanda|Water and Sanitation|N/A|N/A|2025|Not Approved|https://www.kalomocouncil.gov.zm/?page_id=3025|2026-09-12
CDF-0235|Micheelo Village|Katanda|Water and Sanitation|N/A|N/A|2025|Not Approved|https://www.kalomocouncil.gov.zm/?page_id=3025|2026-09-12
CDF-0236|Siatontola Village|Katanda|Water and Sanitation|N/A|N/A|2025|Not Approved|https://www.kalomocouncil.gov.zm/?page_id=3025|2026-09-12
CDF-0237|Tonka Farmer'S Group|Katanda|Water and Sanitation|N/A|N/A|2025|Not Approved|https://www.kalomocouncil.gov.zm/?page_id=3025|2026-09-12
CDF-0238|Matonga Village|Katanda|Water and Sanitation|N/A|N/A|2025|Not Approved|https://www.kalomocouncil.gov.zm/?page_id=3025|2026-09-12
CDF-0239|Magani Community Group Matakala|Katanda|Water and Sanitation|N/A|N/A|2025|Not Approved|https://www.kalomocouncil.gov.zm/?page_id=3025|2026-09-12
CDF-0240|Mmatakala Hiinti|Katanda|Water and Sanitation|N/A|N/A|2025|Not Approved|https://www.kalomocouncil.gov.zm/?page_id=3025|2026-09-12
CDF-0241|Katundudu Community|Katanda|Water and Sanitation|N/A|N/A|2025|Not Approved|https://www.kalomocouncil.gov.zm/?page_id=3025|2026-09-12
CDF-0242|Kanemunemu|Katanda|Water and Sanitation|N/A|N/A|2025|Not Approved|https://www.kalomocouncil.gov.zm/?page_id=3025|2026-09-12
CDF-0243|Nchimenya Ulangilila Agriculture Cooperative Society|Katanda|Water and Sanitation|N/A|N/A|2025|Not Approved|https://www.kalomocouncil.gov.zm/?page_id=3025|2026-09-12
CDF-0244|Lwambi East|Katanda|Water and Sanitation|N/A|N/A|2025|Not Approved|https://www.kalomocouncil.gov.zm/?page_id=3025|2026-09-12
CDF-0245|Lwambi Village|Katanda|Water and Sanitation|N/A|N/A|2025|Not Approved|https://www.kalomocouncil.gov.zm/?page_id=3025|2026-09-12
CDF-0246|Fsiabasimbllonzola Mazwanga Bbambukq Village|Katanda|Water and Sanitation|N/A|N/A|2025|Not Approved|https://www.kalomocouncil.gov.zm/?page_id=3025|2026-09-12
CDF-0247|Twapengwa Group|Katanda|Water and Sanitation|N/A|N/A|2025|Not Approved|https://www.kalomocouncil.gov.zm/?page_id=3025|2026-09-12
CDF-0248|Namachele Central|Katanda|Water and Sanitation|N/A|N/A|2025|Not Approved|https://www.kalomocouncil.gov.zm/?page_id=3025|2026-09-12
CDF-0249|Nandwizi Group|Katanda|Water and Sanitation|N/A|N/A|2025|Not Approved|https://www.kalomocouncil.gov.zm/?page_id=3025|2026-09-12
CDF-0250|Individual Hund Pump|Katanda|Water and Sanitation|N/A|N/A|2025|Not Approved|https://www.kalomocouncil.gov.zm/?page_id=3025|2026-09-12
CDF-0251|Twabane Group|Katanda|Water and Sanitation|N/A|N/A|2025|Not Approved|https://www.kalomocouncil.gov.zm/?page_id=3025|2026-09-12
CDF-0252|Lwambi Community|Katanda|Water and Sanitation|N/A|N/A|2025|Not Approved|https://www.kalomocouncil.gov.zm/?page_id=3025|2026-09-12
CDF-0253|So Chiboql A Community|Katanda|Water and Sanitation|N/A|N/A|2025|Not Approved|https://www.kalomocouncil.gov.zm/?page_id=3025|2026-09-12
CDF-0254|Drilling Of A Borehole|Katanda|Water and Sanitation|N/A|N/A|2025|Not Approved|https://www.kalomocouncil.gov.zm/?page_id=3025|2026-09-12
CDF-0255|Mpango Group Village|Katanda|Education|N/A|N/A|2025|Not Approved|https://www.kalomocouncil.gov.zm/?page_id=3025|2026-09-12
CDF-0256|Boongo|Katanda|Education|N/A|N/A|2025|Not Approved|https://www.kalomocouncil.gov.zm/?page_id=3025|2026-09-12
CDF-0257|Boongo S4|Katanda|Water and Sanitation|N/A|N/A|2025|Not Approved|https://www.kalomocouncil.gov.zm/?page_id=3025|2026-09-12
CDF-0258|Najinka Primary School|Katanda|Water and Sanitation|N/A|N/A|2025|Not Approved|https://www.kalomocouncil.gov.zm/?page_id=3025|2026-09-12
CDF-0259|Tumango Communily|Katanda|Water and Sanitation|N/A|N/A|2025|Not Approved|https://www.kalomocouncil.gov.zm/?page_id=3025|2026-09-12
CDF-0260|Kajipi Community Group|Katanda|Education|N/A|N/A|2025|Not Approved|https://www.kalomocouncil.gov.zm/?page_id=3025|2026-09-12
CDF-0261|Chpondo Community School|Katanda|Water and Sanitation|N/A|N/A|2025|Not Approved|https://www.kalomocouncil.gov.zm/?page_id=3025|2026-09-12
CDF-0262|Mukuyu Kayumba Women S Club|Katanda|Water and Sanitation|N/A|N/A|2025|Not Approved|https://www.kalomocouncil.gov.zm/?page_id=3025|2026-09-12
CDF-0263|Cooperative Socity Mubombo Agricultural|Katanda|Water and Sanitation|N/A|N/A|2025|Not Approved|https://www.kalomocouncil.gov.zm/?page_id=3025|2026-09-12
CDF-0264|Sibalwa Village|Katanda|Water and Sanitation|N/A|N/A|2025|Not Approved|https://www.kalomocouncil.gov.zm/?page_id=3025|2026-09-12
CDF-0265|Community Namachelewest|Katanda|Water and Sanitation|N/A|N/A|2025|Not Approved|https://www.kalomocouncil.gov.zm/?page_id=3025|2026-09-12
CDF-0266|Bbu Yu Lyampoko|Katanda|Water and Sanitation|N/A|N/A|2025|Not Approved|https://www.kalomocouncil.gov.zm/?page_id=3025|2026-09-12
CDF-0267|Honda Community Group|Katanda|Water and Sanitation|N/A|N/A|2025|Not Approved|https://www.kalomocouncil.gov.zm/?page_id=3025|2026-09-12
CDF-0268|Chilama Community|Katanda|Water and Sanitation|N/A|N/A|2025|Not Approved|https://www.kalomocouncil.gov.zm/?page_id=3025|2026-09-12
CDF-0269|Kabanze Village|Katanda|Water and Sanitation|N/A|N/A|2025|Not Approved|https://www.kalomocouncil.gov.zm/?page_id=3025|2026-09-12
CDF-0270|Watapenga Tochiboni Group|Katanda|Water and Sanitation|N/A|N/A|2025|Not Approved|https://www.kalomocouncil.gov.zm/?page_id=3025|2026-09-12
CDF-0271|Chipondo Community Schoql|Katanda|Water and Sanitation|N/A|N/A|2025|Not Approved|https://www.kalomocouncil.gov.zm/?page_id=3025|2026-09-12
CDF-0272|Muyala Village|Katanda|Education|N/A|N/A|2025|Not Approved|https://www.kalomocouncil.gov.zm/?page_id=3025|2026-09-12
CDF-0273|Boongo Communty School|Katanda|Education|N/A|N/A|2025|Not Approved|https://www.kalomocouncil.gov.zm/?page_id=3025|2026-09-12
CDF-0274|Mamachell Community Schoql|Katanda|Health|N/A|N/A|2025|Not Approved|https://www.kalomocouncil.gov.zm/?page_id=3025|2026-09-12
CDF-0275|Chipondo Community School|Katanda|Education|N/A|N/A|2025|Not Approved|https://www.kalomocouncil.gov.zm/?page_id=3025|2026-09-12
CDF-0276|School Mamaciiele Community|Katanda|Education|N/A|N/A|2025|Not Approved|https://www.kalomocouncil.gov.zm/?page_id=3025|2026-09-12
CDF-0277|School Chizunda Community|Katanda|Education|N/A|N/A|2025|Not Approved|https://www.kalomocouncil.gov.zm/?page_id=3025|2026-09-12
CDF-0278|Namachele Community Schoql|Katanda|Education|N/A|N/A|2025|Not Approved|https://www.kalomocouncil.gov.zm/?page_id=3025|2026-09-12
CDF-0279|Mpango Community School|Katanda|Education|N/A|N/A|2025|Not Approved|https://www.kalomocouncil.gov.zm/?page_id=3025|2026-09-12
CDF-0280|Mukanda Primary School|Katanda|Water and Sanitation|N/A|N/A|2025|Not Approved|https://www.kalomocouncil.gov.zm/?page_id=3025|2026-09-12
CDF-0281|Muvjekula Group Of Siabasimbi Village|Katanda|Education|N/A|N/A|2025|Not Approved|https://www.kalomocouncil.gov.zm/?page_id=3025|2026-09-12
CDF-0282|Nandwizi Primary School|Katanda|Education|N/A|N/A|2025|Not Approved|https://www.kalomocouncil.gov.zm/?page_id=3025|2026-09-12
CDF-0283|Nandwizi Primary School|Katanda|Water and Sanitation|N/A|N/A|2025|Not Approved|https://www.kalomocouncil.gov.zm/?page_id=3025|2026-09-12
CDF-0284|Malala Community Group|Katanda|Education|N/A|N/A|2025|Not Approved|https://www.kalomocouncil.gov.zm/?page_id=3025|2026-09-12
CDF-0285|Nabulangu Basic Schoql|Katanda|Education|N/A|N/A|2025|Not Approved|https://www.kalomocouncil.gov.zm/?page_id=3025|2026-09-12
CDF-0286|Chipondo Community Schoql|Katanda|Water and Sanitation|N/A|N/A|2025|Not Approved|https://www.kalomocouncil.gov.zm/?page_id=3025|2026-09-12
CDF-0287|Chibinga Lwambl Chiboola|Katanda|Water and Sanitation|N/A|N/A|2025|Not Approved|https://www.kalomocouncil.gov.zm/?page_id=3025|2026-09-12
CDF-0288|Ikabila Nyati Community|Katanda|Water and Sanitation|N/A|N/A|2025|Not Approved|https://www.kalomocouncil.gov.zm/?page_id=3025|2026-09-12
CDF-0289|Nuink ! Primary School|Katanda|Education|N/A|N/A|2025|Not Approved|https://www.kalomocouncil.gov.zm/?page_id=3025|2026-09-12
CDF-0290|Mmaciele Community School|Katanda|N/A|N/A|N/A|2025|Not Approved|https://www.kalomocouncil.gov.zm/?page_id=3025|2026-09-12
CDF-0291|Katanda|Katanda|Livestock|N/A|N/A|2025|Not Approved|https://www.kalomocouncil.gov.zm/?page_id=3025|2026-09-12
CDF-0292|Muchenjeje Community|Katanda|Education|N/A|N/A|2025|Not Approved|https://www.kalomocouncil.gov.zm/?page_id=3025|2026-09-12
CDF-0293|Najinka Primary Schoql|Katanda|Health|N/A|N/A|2025|Not Approved|https://www.kalomocouncil.gov.zm/?page_id=3025|2026-09-12
CDF-0294|Boongq Health Post|Katanda|Education|N/A|N/A|2025|Not Approved|https://www.kalomocouncil.gov.zm/?page_id=3025|2026-09-12
CDF-0295|Boongo Community School|Katanda|Education|N/A|N/A|2025|Not Approved|https://www.kalomocouncil.gov.zm/?page_id=3025|2026-09-12
CDF-0296|Nainka Primary School Luyando Community School|Katanda|Education|N/A|N/A|2025|Not Approved|https://www.kalomocouncil.gov.zm/?page_id=3025|2026-09-12
CDF-0297|Luyando Community School|Katanda|Education|N/A|N/A|2025|Not Approved|https://www.kalomocouncil.gov.zm/?page_id=3025|2026-09-12
CDF-0298|Nadwizi Primary School|Katanda|Infrastructure|N/A|N/A|2025|Not Approved|https://www.kalomocouncil.gov.zm/?page_id=3025|2026-09-12
CDF-0299|Nabulangu Basic School|Katanda|Education|N/A|N/A|2025|Not Approved|https://www.kalomocouncil.gov.zm/?page_id=3025|2026-09-12
CDF-0300|Nachoncho Community|Katanda|Education|N/A|N/A|2025|Approved|https://www.kalomocouncil.gov.zm/?page_id=3025|2026-09-12
CDF-0301|Constuction Of A Staff House|Katanda|Health|N/A|N/A|2025|Approved|https://www.kalomocouncil.gov.zm/?page_id=3025|2026-09-12
CDF-0302|Staff House At Nabulangu Rhc|Katanda|Agriculture|N/A|N/A|2025|Approved|https://www.kalomocouncil.gov.zm/?page_id=3025|2026-09-12
CDF-0303|Staff House At Katanda Agric Camp Office_|Mikata|Health|N/A|N/A|2025|Approved|https://www.kalomocouncil.gov.zm/?page_id=3025|2026-09-12
CDF-0304|Health Post At Bungashiya|Mikata|Water and Sanitation|N/A|N/A|2025|Approved|https://www.kalomocouncil.gov.zm/?page_id=3025|2026-09-12
CDF-0305|Chemicals For Dip Tanks|Mikata|Livestock|N/A|N/A|2025|Approved|https://www.kalomocouncil.gov.zm/?page_id=3025|2026-09-12
CDF-0306|Mayaba Vlllage|Mikata|Water and Sanitation|N/A|N/A|2025|Not Approved|https://www.kalomocouncil.gov.zm/?page_id=3025|2026-09-12
CDF-0307|Chintema Community S3|Mikata|Water and Sanitation|N/A|N/A|2025|Not Approved|https://www.kalomocouncil.gov.zm/?page_id=3025|2026-09-12
CDF-0308|Chintema Community S3|Mikata|Health|N/A|N/A|2025|Not Approved|https://www.kalomocouncil.gov.zm/?page_id=3025|2026-09-12
CDF-0309|Mikata|Mikata|Water and Sanitation|N/A|N/A|2025|Not Approved|https://www.kalomocouncil.gov.zm/?page_id=3025|2026-09-12
CDF-0310|Nabwelenge Village|Mikata|Water and Sanitation|N/A|N/A|2025|Not Approved|https://www.kalomocouncil.gov.zm/?page_id=3025|2026-09-12
CDF-0311|Hachomba Womens Club|Mikata|Water and Sanitation|N/A|N/A|2025|Not Approved|https://www.kalomocouncil.gov.zm/?page_id=3025|2026-09-12
CDF-0312|Hachobe Village|Mikata|Water and Sanitation|N/A|N/A|2025|Not Approved|https://www.kalomocouncil.gov.zm/?page_id=3025|2026-09-12
CDF-0313|Kabombo Womens Club|Mikata|Water and Sanitation|N/A|N/A|2025|Not Approved|https://www.kalomocouncil.gov.zm/?page_id=3025|2026-09-12
CDF-0314|Hachomba Youth Club|Mikata|Water and Sanitation|N/A|N/A|2025|Not Approved|https://www.kalomocouncil.gov.zm/?page_id=3025|2026-09-12
CDF-0315|Kasansa Hazchome Womens Club|Mikata|Water and Sanitation|N/A|N/A|2025|Not Approved|https://www.kalomocouncil.gov.zm/?page_id=3025|2026-09-12
CDF-0316|Mukamakwati Village|Mikata|Water and Sanitation|N/A|N/A|2025|Not Approved|https://www.kalomocouncil.gov.zm/?page_id=3025|2026-09-12
CDF-0317|Kabombo Vlllage|Mikata|Water and Sanitation|N/A|N/A|2025|Not Approved|https://www.kalomocouncil.gov.zm/?page_id=3025|2026-09-12
CDF-0318|Mwiili Primary Schoql|Mikata|Water and Sanitation|N/A|N/A|2025|Not Approved|https://www.kalomocouncil.gov.zm/?page_id=3025|2026-09-12
CDF-0319|Namakumba Village|Mikata|Livestock|N/A|N/A|2025|Not Approved|https://www.kalomocouncil.gov.zm/?page_id=3025|2026-09-12
CDF-0320|Mikata Community|Mikata|Education|N/A|N/A|2025|Not Approved|https://www.kalomocouncil.gov.zm/?page_id=3025|2026-09-12
CDF-0321|Mabetacommunty School|Mikata|Infrastructure|N/A|N/A|2025|Not Approved|https://www.kalomocouncil.gov.zm/?page_id=3025|2026-09-12
CDF-0322|Mwili Bick|Naluja|Water and Sanitation|N/A|N/A|2025|Not Approved|https://www.kalomocouncil.gov.zm/?page_id=3025|2026-09-12
CDF-0323|Mub Anga Primary School|Naluja|Water and Sanitation|N/A|N/A|2025|Not Approved|https://www.kalomocouncil.gov.zm/?page_id=3025|2026-09-12
CDF-0324|Siamankuli Community|Naluja|Water and Sanitation|N/A|N/A|2025|Not Approved|https://www.kalomocouncil.gov.zm/?page_id=3025|2026-09-12
CDF-0325|Kalama Community Club|Naluja|Water and Sanitation|N/A|N/A|2025|Not Approved|https://www.kalomocouncil.gov.zm/?page_id=3025|2026-09-12
CDF-0326|Green Valley Znfu Club|Naluja|Water and Sanitation|N/A|N/A|2025|Not Approved|https://www.kalomocouncil.gov.zm/?page_id=3025|2026-09-12
CDF-0327|Naluja Community|Naluja|Water and Sanitation|N/A|N/A|2025|Not Approved|https://www.kalomocouncil.gov.zm/?page_id=3025|2026-09-12
CDF-0328|Naluja Community|Naluja|Water and Sanitation|N/A|N/A|2025|Not Approved|https://www.kalomocouncil.gov.zm/?page_id=3025|2026-09-12
CDF-0329|Mubanga Secondary Boardnng|Naluja|Water and Sanitation|N/A|N/A|2025|Not Approved|https://www.kalomocouncil.gov.zm/?page_id=3025|2026-09-12
CDF-0330|Simwaanda Community|Naluja|Education|N/A|N/A|2025|Not Approved|https://www.kalomocouncil.gov.zm/?page_id=3025|2026-09-12
CDF-0331|Siamusunse Primary School|Naluja|Education|N/A|N/A|2025|Not Approved|https://www.kalomocouncil.gov.zm/?page_id=3025|2026-09-12
CDF-0332|Mubanga Primary Schoql|Naluja|Education|N/A|N/A|2025|Not Approved|https://www.kalomocouncil.gov.zm/?page_id=3025|2026-09-12
CDF-0333|Siamusunse Primary Schoql|Naluja|Education|N/A|N/A|2025|Not Approved|https://www.kalomocouncil.gov.zm/?page_id=3025|2026-09-12
CDF-0334|Siamusunse Primary Schoql|Naluja|Education|N/A|N/A|2025|Not Approved|https://www.kalomocouncil.gov.zm/?page_id=3025|2026-09-12
CDF-0335|Siamusunse Primary Schoql|Naluja|Water and Sanitation|N/A|N/A|2025|Not Approved|https://www.kalomocouncil.gov.zm/?page_id=3025|2026-09-12
CDF-0336|Mubanga Communty|Naluja|Education|N/A|N/A|2025|Not Approved|https://www.kalomocouncil.gov.zm/?page_id=3025|2026-09-12
CDF-0337|School Chitumbi Primary|Naluja|Education|N/A|N/A|2025|Not Approved|https://www.kalomocouncil.gov.zm/?page_id=3025|2026-09-12
CDF-0338|Mubanga Primary Schoql|Naluja|Education|N/A|N/A|2025|Not Approved|https://www.kalomocouncil.gov.zm/?page_id=3025|2026-09-12
CDF-0339|Mubanga Secondary Boarding|Naluja|Education|N/A|N/A|2025|Not Approved|https://www.kalomocouncil.gov.zm/?page_id=3025|2026-09-12
CDF-0340|Boarding Mubanga Secondary|Naluja|Education|N/A|N/A|2025|Not Approved|https://www.kalomocouncil.gov.zm/?page_id=3025|2026-09-12
CDF-0341|Mubanga Secondary Bqarding|Naluja|Education|N/A|N/A|2025|Not Approved|https://www.kalomocouncil.gov.zm/?page_id=3025|2026-09-12
CDF-0342|Mubanga Secondary Boarding|Naluja|Livestock|N/A|N/A|2025|Not Approved|https://www.kalomocouncil.gov.zm/?page_id=3025|2026-09-12
CDF-0343|Kabula Crush Den|Naluja|Livestock|N/A|N/A|2025|Not Approved|https://www.kalomocouncil.gov.zm/?page_id=3025|2026-09-12
CDF-0344|Siamusunse Community|Naluja|Education|N/A|N/A|2025|Not Approved|https://www.kalomocouncil.gov.zm/?page_id=3025|2026-09-12
CDF-0345|Doongo Primary|Naluja|Water and Sanitation|N/A|N/A|2025|Not Approved|https://www.kalomocouncil.gov.zm/?page_id=3025|2026-09-12
CDF-0346|Water Reticulation At Nameeto Rhc|Naluja|Health|N/A|N/A|2025|Approved|https://www.kalomocouncil.gov.zm/?page_id=3025|2026-09-12
CDF-0347|X2 Crb At Sichikwalula|Naluja|Education|N/A|N/A|2025|Approved|https://www.kalomocouncil.gov.zm/?page_id=3025|2026-09-12
CDF-0348|X2 Crb At Sichikwalula|Naluja|Livestock|N/A|N/A|2025|Approved|https://www.kalomocouncil.gov.zm/?page_id=3025|2026-09-12
CDF-0349|Dip Tank At Siamusunse|Naluja|Education|N/A|N/A|2025|Approved|https://www.kalomocouncil.gov.zm/?page_id=3025|2026-09-12
CDF-0350|Stalf House At Siamusunse School|Naluja|Education|N/A|N/A|2025|Approved|https://www.kalomocouncil.gov.zm/?page_id=3025|2026-09-12
CDF-0351|Staff House At Naluja School|Omba|Water and Sanitation|N/A|N/A|2025|Not Approved|https://www.kalomocouncil.gov.zm/?page_id=3025|2026-09-12
CDF-0352|Luyando Community Schoql|Omba|Water and Sanitation|N/A|N/A|2025|Not Approved|https://www.kalomocouncil.gov.zm/?page_id=3025|2026-09-12
CDF-0353|Habwankta Community|Omba|Water and Sanitation|N/A|N/A|2025|Not Approved|https://www.kalomocouncil.gov.zm/?page_id=3025|2026-09-12
CDF-0354|Nsolo Community School|Omba|Water and Sanitation|N/A|N/A|2025|Not Approved|https://www.kalomocouncil.gov.zm/?page_id=3025|2026-09-12
CDF-0355|Kashu Primary School|Omba|Water and Sanitation|N/A|N/A|2025|Not Approved|https://www.kalomocouncil.gov.zm/?page_id=3025|2026-09-12
CDF-0356|Chitongo Vollage|Omba|Water and Sanitation|N/A|N/A|2025|Not Approved|https://www.kalomocouncil.gov.zm/?page_id=3025|2026-09-12
CDF-0357|Hang Ambwa Village|Omba|Water and Sanitation|N/A|N/A|2025|Not Approved|https://www.kalomocouncil.gov.zm/?page_id=3025|2026-09-12
CDF-0358|Cheenzya Vlllage|Omba|Water and Sanitation|N/A|N/A|2025|Not Approved|https://www.kalomocouncil.gov.zm/?page_id=3025|2026-09-12
CDF-0359|Muzuni|Omba|Water and Sanitation|N/A|N/A|2025|Not Approved|https://www.kalomocouncil.gov.zm/?page_id=3025|2026-09-12
CDF-0360|Smmoonga|Omba|Water and Sanitation|N/A|N/A|2025|Not Approved|https://www.kalomocouncil.gov.zm/?page_id=3025|2026-09-12
CDF-0361|Kazungula Area (Cheenzyachitongo)|Omba|Water and Sanitation|N/A|N/A|2025|Not Approved|https://www.kalomocouncil.gov.zm/?page_id=3025|2026-09-12
CDF-0362|Munachibize Community|Omba|Water and Sanitation|N/A|N/A|2025|Not Approved|https://www.kalomocouncil.gov.zm/?page_id=3025|2026-09-12
CDF-0363|Nkadazovu Main Sda Church|Omba|Water and Sanitation|N/A|N/A|2025|Not Approved|https://www.kalomocouncil.gov.zm/?page_id=3025|2026-09-12
CDF-0364|Sikapande Communtty|Omba|Water and Sanitation|N/A|N/A|2025|Not Approved|https://www.kalomocouncil.gov.zm/?page_id=3025|2026-09-12
CDF-0365|Mutenguna Village|Omba|Water and Sanitation|N/A|N/A|2025|Not Approved|https://www.kalomocouncil.gov.zm/?page_id=3025|2026-09-12
CDF-0366|Mala Male Communty|Omba|Water and Sanitation|N/A|N/A|2025|Not Approved|https://www.kalomocouncil.gov.zm/?page_id=3025|2026-09-12
CDF-0367|Chiywa Nduba Community|Omba|Water and Sanitation|N/A|N/A|2025|Not Approved|https://www.kalomocouncil.gov.zm/?page_id=3025|2026-09-12
CDF-0368|Gombe|Omba|Water and Sanitation|N/A|N/A|2025|Not Approved|https://www.kalomocouncil.gov.zm/?page_id=3025|2026-09-12
CDF-0369|Hangoma Vlllage|Omba|Water and Sanitation|N/A|N/A|2025|Not Approved|https://www.kalomocouncil.gov.zm/?page_id=3025|2026-09-12
CDF-0370|Shaamba Christian And Community|Omba|Water and Sanitation|N/A|N/A|2025|Not Approved|https://www.kalomocouncil.gov.zm/?page_id=3025|2026-09-12
CDF-0371|Chabota Water Point Project|Omba|Water and Sanitation|N/A|N/A|2025|Not Approved|https://www.kalomocouncil.gov.zm/?page_id=3025|2026-09-12
CDF-0372|Nsaimuulu Vlllage|Omba|Water and Sanitation|N/A|N/A|2025|Not Approved|https://www.kalomocouncil.gov.zm/?page_id=3025|2026-09-12
CDF-0373|Sichungwe Village|Omba|Water and Sanitation|N/A|N/A|2025|Not Approved|https://www.kalomocouncil.gov.zm/?page_id=3025|2026-09-12
CDF-0374|Sibuliakwe|Omba|Water and Sanitation|N/A|N/A|2025|Not Approved|https://www.kalomocouncil.gov.zm/?page_id=3025|2026-09-12
CDF-0375|Myanddwa Bantu|Omba|Water and Sanitation|N/A|N/A|2025|Not Approved|https://www.kalomocouncil.gov.zm/?page_id=3025|2026-09-12
CDF-0376|Malla Male Community|Omba|Water and Sanitation|N/A|N/A|2025|Not Approved|https://www.kalomocouncil.gov.zm/?page_id=3025|2026-09-12
CDF-0377|Bulyambeba Kashu|Omba|Water and Sanitation|N/A|N/A|2025|Not Approved|https://www.kalomocouncil.gov.zm/?page_id=3025|2026-09-12
CDF-0378|Munsanje Village|Omba|Water and Sanitation|N/A|N/A|2025|Not Approved|https://www.kalomocouncil.gov.zm/?page_id=3025|2026-09-12
CDF-0379|Maila Male Community Schoql|Omba|Education|N/A|N/A|2025|Not Approved|https://www.kalomocouncil.gov.zm/?page_id=3025|2026-09-12
CDF-0380|Mala Male Community School|Omba|Education|N/A|N/A|2025|Not Approved|https://www.kalomocouncil.gov.zm/?page_id=3025|2026-09-12
CDF-0381|Gombe Primary School|Omba|Education|N/A|N/A|2025|Not Approved|https://www.kalomocouncil.gov.zm/?page_id=3025|2026-09-12
CDF-0382|Habulungu Primary School|Omba|Education|N/A|N/A|2025|Not Approved|https://www.kalomocouncil.gov.zm/?page_id=3025|2026-09-12
CDF-0383|Bulyambeba Prmmary And Secondary School|Omba|Education|N/A|N/A|2025|Not Approved|https://www.kalomocouncil.gov.zm/?page_id=3025|2026-09-12
CDF-0384|Kashu Primary Schoql|Omba|Education|N/A|N/A|2025|Not Approved|https://www.kalomocouncil.gov.zm/?page_id=3025|2026-09-12
CDF-0385|Siantongole|Omba|Agriculture|N/A|N/A|2025|Not Approved|https://www.kalomocouncil.gov.zm/?page_id=3025|2026-09-12
CDF-0386|Nkadazovu Primar Y And Secondary School|Omba|Education|N/A|N/A|2025|Not Approved|https://www.kalomocouncil.gov.zm/?page_id=3025|2026-09-12
CDF-0387|Omba Pta Community|Omba|Education|N/A|N/A|2025|Not Approved|https://www.kalomocouncil.gov.zm/?page_id=3025|2026-09-12
CDF-0388|Bul Yambbeba Health Post|Omba|Health|N/A|N/A|2025|Not Approved|https://www.kalomocouncil.gov.zm/?page_id=3025|2026-09-12
CDF-0389|Kabanga Community|Omba|Livestock|N/A|N/A|2025|Not Approved|https://www.kalomocouncil.gov.zm/?page_id=3025|2026-09-12
CDF-0390|Tusole Community|Omba|Livestock|N/A|N/A|2025|Not Approved|https://www.kalomocouncil.gov.zm/?page_id=3025|2026-09-12
CDF-0391|Bulyambeba 1X2 Crb|Omba|Education|N/A|N/A|2025|Approved|https://www.kalomocouncil.gov.zm/?page_id=3025|2026-09-12
CDF-0392|Habulungu Stzff House|Omba|Education|N/A|N/A|2025|Approved|https://www.kalomocouncil.gov.zm/?page_id=3025|2026-09-12
CDF-0393|Drilling Of 3 Boreholes|Omba|Water and Sanitation|N/A|N/A|2025|Approved|https://www.kalomocouncil.gov.zm/?page_id=3025|2026-09-12
CDF-0394|Eada Golebnnint|Omba|Livestock|N/A|N/A|2025|Approved|https://www.kalomocouncil.gov.zm/?page_id=3025|2026-09-12
CDF-0395|Name Of Proiect Mayoba Clinic Catchment Area|Mayoba|Health|N/A|N/A|2025|Not Approved|https://www.kalomocouncil.gov.zm/?page_id=3020|2026-09-12
CDF-0396|Mayoba Ward Community|Mayoba|Education|N/A|N/A|2025|Not Approved|https://www.kalomocouncil.gov.zm/?page_id=3020|2026-09-12
CDF-0397|Sianyama Community School|Mayoba|Education|N/A|N/A|2025|Not Approved|https://www.kalomocouncil.gov.zm/?page_id=3020|2026-09-12
CDF-0398|Sianyama Community School|Mayoba|Water and Sanitation|N/A|N/A|2025|Not Approved|https://www.kalomocouncil.gov.zm/?page_id=3020|2026-09-12
CDF-0399|Magaleza Primary School|Mayoba|Education|N/A|N/A|2025|Not Approved|https://www.kalomocouncil.gov.zm/?page_id=3020|2026-09-12
CDF-0400|Munkolo Zone|Mayoba|Health|N/A|N/A|2025|Not Approved|https://www.kalomocouncil.gov.zm/?page_id=3020|2026-09-12
CDF-0401|Monde Pri &Sec School|Simayakwe|Education|N/A|N/A|2025|Not Approved|https://www.kalomocouncil.gov.zm/?page_id=3020|2026-09-12
CDF-0402|Siambala Agricujl Ttral Camp|Simayakwe|Agriculture|N/A|N/A|2025|Not Approved|https://www.kalomocouncil.gov.zm/?page_id=3020|2026-09-12
CDF-0403|Toilets At Mulwazi Clinic|Simayakwe|Health|N/A|N/A|2025|Approved|https://www.kalomocouncil.gov.zm/?page_id=3020|2026-09-12
CDF-0404|A 1X3 Classroom Biock At Mulwazi Primary School|Simayakwe|Education|N/A|N/A|2025|Approved|https://www.kalomocouncil.gov.zm/?page_id=3020|2026-09-12
CDF-0405|A Staff House At Mulwazi Clinic|Simayakwe|Health|N/A|N/A|2025|Approved|https://www.kalomocouncil.gov.zm/?page_id=3020|2026-09-12
CDF-0406|Toilets At Siambala Primary|Simayakwe|Education|N/A|N/A|2025|Approved|https://www.kalomocouncil.gov.zm/?page_id=3020|2026-09-12
CDF-0407|Nazilongo Monde & Mulwazi Rd|Simayakwe|Infrastructure|N/A|N/A|2025|Not Approved|https://www.kalomocouncil.gov.zm/?page_id=3020|2026-09-12
CDF-0408|A Mortuary At Siachitema|Siachitema|Health|N/A|N/A|2025|Approved|https://www.kalomocouncil.gov.zm/?page_id=3020|2026-09-12
CDF-0409|A Ix3 Classroom Block At Nakabanga School|Siachitema|Education|N/A|N/A|2025|Approved|https://www.kalomocouncil.gov.zm/?page_id=3020|2026-09-12
CDF-0410|A Staff House At Chibomboma|Siachitema|Education|N/A|N/A|2025|Approved|https://www.kalomocouncil.gov.zm/?page_id=3020|2026-09-12
CDF-0411|Toilets At Chibomboma Rural Health Post|Siachitema|Education|N/A|N/A|2025|Approved|https://www.kalomocouncil.gov.zm/?page_id=3020|2026-09-12
CDF-0412|A Staff House And Ablution Block At Nakabanga|Siachitema|Education|N/A|N/A|2025|Approved|https://www.kalomocouncil.gov.zm/?page_id=3020|2026-09-12
CDF-0413|Toilets At Nakabanga Clinic|Siachitema|Education|N/A|N/A|2025|Approved|https://www.kalomocouncil.gov.zm/?page_id=3020|2026-09-12
CDF-0414|Njezya Primary School|Siachitema|Education|N/A|N/A|2025|Not Approved|https://www.kalomocouncil.gov.zm/?page_id=3020|2026-09-12
CDF-0415|Lubombo Community|Namwianga|Infrastructure|N/A|N/A|2025|Not Approved|https://www.kalomocouncil.gov.zm/?page_id=3020|2026-09-12
CDF-0416|Bbelo Primary School|Namwianga|Education|N/A|N/A|2025|Not Approved|https://www.kalomocouncil.gov.zm/?page_id=3020|2026-09-12
CDF-0417|Mukwela Pri & Sec School|Namwianga|Education|N/A|N/A|2025|Not Approved|https://www.kalomocouncil.gov.zm/?page_id=3020|2026-09-12
CDF-0418|Mutala Basic School|Namwianga|Education|N/A|N/A|2025|Not Approved|https://www.kalomocouncil.gov.zm/?page_id=3020|2026-09-12
CDF-0419|Siabalumb|Namwianga|Water and Sanitation|N/A|N/A|2025|Not Approved|https://www.kalomocouncil.gov.zm/?page_id=3020|2026-09-12
CDF-0420|Namwianga Pri & Sec School|Namwianga|Education|N/A|N/A|2025|Not Approved|https://www.kalomocouncil.gov.zm/?page_id=3020|2026-09-12
CDF-0421|A Staff House At Bbelo Clinic|Namwianga|Health|N/A|N/A|2025|Approved|https://www.kalomocouncil.gov.zm/?page_id=3020|2026-09-12
CDF-0422|A Ix4 Classroom Block At Mutala|Namwianga|Education|N/A|N/A|2025|Approved|https://www.kalomocouncil.gov.zm/?page_id=3020|2026-09-12
CDF-0423|A Ix3 Laboratory At Mukwela|Namwianga|Education|N/A|N/A|2025|Approved|https://www.kalomocouncil.gov.zm/?page_id=3020|2026-09-12
CDF-0424|A Staff House At Bbelo School|Namwianga|Education|N/A|N/A|2025|Approved|https://www.kalomocouncil.gov.zm/?page_id=3020|2026-09-12
CDF-0425|Siakabanze Community Sch|Chawila|Water and Sanitation|N/A|N/A|2025|Not Approved|https://www.kalomocouncil.gov.zm/?page_id=3020|2026-09-12
CDF-0426|Chawila Community|Chawila|Education|N/A|N/A|2025|Not Approved|https://www.kalomocouncil.gov.zm/?page_id=3020|2026-09-12
CDF-0427|Mbole Primary School|Chawila|Education|N/A|N/A|2025|Not Approved|https://www.kalomocouncil.gov.zm/?page_id=3020|2026-09-12
CDF-0428|Stkweya Health Post|Chawila|Health|N/A|N/A|2025|Not Approved|https://www.kalomocouncil.gov.zm/?page_id=3020|2026-09-12
CDF-0429|A Ix3 Classroom Block At Munakanyfmba Primary School|Chawila|Education|N/A|N/A|2025|Approved|https://www.kalomocouncil.gov.zm/?page_id=3020|2026-09-12
CDF-0430|Simutelo West|Kalonda|Water and Sanitation|N/A|N/A|2025|Not Approved|https://www.kalomocouncil.gov.zm/?page_id=3020|2026-09-12
CDF-0431|Siampayuma Community|Kalonda|Infrastructure|N/A|N/A|2025|Not Approved|https://www.kalomocouncil.gov.zm/?page_id=3020|2026-09-12
CDF-0432|Namabondo Community School|Kalonda|Education|N/A|N/A|2025|Not Approved|https://www.kalomocouncil.gov.zm/?page_id=3020|2026-09-12
CDF-0433|Mazambani Community|Kalonda|Water and Sanitation|N/A|N/A|2025|Not Approved|https://www.kalomocouncil.gov.zm/?page_id=3020|2026-09-12
CDF-0434|Munankumba Village|Kalonda|Water and Sanitation|N/A|N/A|2025|Not Approved|https://www.kalomocouncil.gov.zm/?page_id=3020|2026-09-12
CDF-0435|Nantale|Kalonda|Water and Sanitation|N/A|N/A|2025|Not Approved|https://www.kalomocouncil.gov.zm/?page_id=3020|2026-09-12
CDF-0436|Tuya Kumbele Hold On|Kalonda|Water and Sanitation|N/A|N/A|2025|Not Approved|https://www.kalomocouncil.gov.zm/?page_id=3020|2026-09-12
CDF-0437|A Ix2 Classroom Block At Siampayuma|Kalonda|Education|N/A|N/A|2025|Approved|https://www.kalomocouncil.gov.zm/?page_id=3020|2026-09-12
CDF-0438|A Mother'S Shelter At Nantale|Kalonda|Health|N/A|N/A|2025|Approved|https://www.kalomocouncil.gov.zm/?page_id=3020|2026-09-12
CDF-0439|Toilets At Nantale Primary School|Kalonda|Education|N/A|N/A|2025|Approved|https://www.kalomocouncil.gov.zm/?page_id=3020|2026-09-12
CDF-0440|A Staff House At Tara Clinic|Kalonda|Health|N/A|N/A|2025|Approved|https://www.kalomocouncil.gov.zm/?page_id=3020|2026-09-12
CDF-0441|Toilets At Nantale Clinic|Kalonda|Health|N/A|N/A|2025|Approved|https://www.kalomocouncil.gov.zm/?page_id=3020|2026-09-12
CDF-0442|A 1X2 Classroom Block At Munyenye Primary School|Kalonda|Education|N/A|N/A|2025|Approved|https://www.kalomocouncil.gov.zm/?page_id=3020|2026-09-12
CDF-0443|Matondo Community School|Chilesha|Education|N/A|N/A|2025|Not Approved|https://www.kalomocouncil.gov.zm/?page_id=3020|2026-09-12
CDF-0444|Bowwood Community School|Chilesha|Education|N/A|N/A|2025|Not Approved|https://www.kalomocouncil.gov.zm/?page_id=3020|2026-09-12
CDF-0445|Muumba Primary School|Chilesha|Education|N/A|N/A|2025|Not Approved|https://www.kalomocouncil.gov.zm/?page_id=3020|2026-09-12
CDF-0446|A Staff House At Kansumo|Chilesha|Education|N/A|N/A|2025|Approved|https://www.kalomocouncil.gov.zm/?page_id=3020|2026-09-12
CDF-0447|Ix3 Classroom Block At Rr|Chilesha|Education|N/A|N/A|2025|Approved|https://www.kalomocouncil.gov.zm/?page_id=3020|2026-09-12
CDF-0448|Kanyaya Community|Choonga|Water and Sanitation|N/A|N/A|2025|Not Approved|https://www.kalomocouncil.gov.zm/?page_id=3020|2026-09-12
CDF-0449|Kanyaya Community|Choonga|Water and Sanitation|N/A|N/A|2025|Not Approved|https://www.kalomocouncil.gov.zm/?page_id=3020|2026-09-12
CDF-0450|Chikoli Primary School|Choonga|Education|N/A|N/A|2025|Not Approved|https://www.kalomocouncil.gov.zm/?page_id=3020|2026-09-12
CDF-0451|Chikoli Primary School|Choonga|Education|N/A|N/A|2025|Not Approved|https://www.kalomocouncil.gov.zm/?page_id=3020|2026-09-12
CDF-0452|Mabuyu Primary School|Choonga|Education|N/A|N/A|2025|Not Approved|https://www.kalomocouncil.gov.zm/?page_id=3020|2026-09-12
CDF-0453|Mabuyu Health Post (Clinic)|Choonga|Education|N/A|N/A|2025|Not Approved|https://www.kalomocouncil.gov.zm/?page_id=3020|2026-09-12
CDF-0454|Mafwafwa Village|Choonga|Water and Sanitation|N/A|N/A|2025|Not Approved|https://www.kalomocouncil.gov.zm/?page_id=3020|2026-09-12
CDF-0455|Simapungula Muchenje Primary Sd|Choonga|Education|N/A|N/A|2025|Not Approved|https://www.kalomocouncil.gov.zm/?page_id=3020|2026-09-12
CDF-0456|An Ablution Block At Muchenje|Choonga|Health|N/A|N/A|2025|Approved|https://www.kalomocouncil.gov.zm/?page_id=3020|2026-09-12
CDF-0457|T7 A Staff House At Muchenje|Choonga|Health|N/A|N/A|2025|Approved|https://www.kalomocouncil.gov.zm/?page_id=3020|2026-09-12
CDF-0458|A Laboratory At Choonga Primary Schooi|Choonga|Education|N/A|N/A|2025|Approved|https://www.kalomocouncil.gov.zm/?page_id=3020|2026-09-12
CDF-0459|Jail Cells At Correctional Service|Choonga|Defence|N/A|N/A|2025|Approved|https://www.kalomocouncil.gov.zm/?page_id=3020|2026-09-12
CDF-0460|Kalomo Police Station|Mwaata|Infrastructure|N/A|N/A|2025|Not Approved|https://www.kalomocouncil.gov.zm/?page_id=3020|2026-09-12
CDF-0461|Greenacres Pri & Sec School|Mwaata|Education|N/A|N/A|2025|Not Approved|https://www.kalomocouncil.gov.zm/?page_id=3020|2026-09-12
CDF-0462|Bwacha Primary School|Mwaata|Education|N/A|N/A|2025|Not Approved|https://www.kalomocouncil.gov.zm/?page_id=3020|2026-09-12
CDF-0463|Greenacres Pri & Sec School|Mwaata|Education|N/A|N/A|2025|Not Approved|https://www.kalomocouncil.gov.zm/?page_id=3020|2026-09-12
CDF-0464|Kalomo Central Primary School|Mwaata|Education|N/A|N/A|2025|Not Approved|https://www.kalomocouncil.gov.zm/?page_id=3020|2026-09-12
CDF-0465|Greenacres Pri & Sec School|Mwaata|Education|N/A|N/A|2025|Not Approved|https://www.kalomocouncil.gov.zm/?page_id=3020|2026-09-12
CDF-0466|Bwacha Compound Residents|Mwaata|Water and Sanitation|N/A|N/A|2025|Not Approved|https://www.kalomocouncil.gov.zm/?page_id=3020|2026-09-12
CDF-0467|A Laboratory At Greenacres Primary Schoqi|Mwaata|Education|N/A|N/A|2025|Approved|https://www.kalomocouncil.gov.zm/?page_id=3020|2026-09-12
CDF-0468|V} Classroom Block At Mcbamolp Pbilrxschoql|Mwaata|Education|N/A|N/A|2025|Approved|https://www.kalomocouncil.gov.zm/?page_id=3020|2026-09-12
CDF-0469|Toilets At Macraymond School|Mwaata|Education|N/A|N/A|2025|Approved|https://www.kalomocouncil.gov.zm/?page_id=3020|2026-09-12
CDF-0470|Dormitori A Mwaata School|Mwaata|Education|N/A|N/A|2025|Approved|https://www.kalomocouncil.gov.zm/?page_id=3020|2026-09-12
CDF-0471|Simukanda Community School|Chifusa|Education|N/A|N/A|2025|Not Approved|https://www.kalomocouncil.gov.zm/?page_id=3020|2026-09-12
CDF-0472|A Health Post At Chifusa|Chifusa|Health|N/A|N/A|2025|Approved|https://www.kalomocouncil.gov.zm/?page_id=3020|2026-09-12
CDF-0473|A Laboratory At Chifusa Primary And Sfcondary Schoqi|Chifusa|Education|N/A|N/A|2025|Approved|https://www.kalomocouncil.gov.zm/?page_id=3020|2026-09-12
CDF-0474|Namoombna Community School|Chifusa|Education|N/A|N/A|2025|Not Approved|https://www.kalomocouncil.gov.zm/?page_id=3020|2026-09-12
CDF-0475|Sianchongwe Community School|Sipatunyana|Education|N/A|N/A|2025|Not Approved|https://www.kalomocouncil.gov.zm/?page_id=3020|2026-09-12
CDF-0476|Kasikili Health Post|Sipatunyana|Health|N/A|N/A|2025|Not Approved|https://www.kalomocouncil.gov.zm/?page_id=3020|2026-09-12
CDF-0477|Inkumbi Primary School|Sipatunyana|Education|N/A|N/A|2025|Not Approved|https://www.kalomocouncil.gov.zm/?page_id=3020|2026-09-12
CDF-0478|Inkumbi Primary School|Sipatunyana|Education|N/A|N/A|2025|Not Approved|https://www.kalomocouncil.gov.zm/?page_id=3020|2026-09-12
CDF-0479|Sipatunyana Community|Sipatunyana|Infrastructure|N/A|N/A|2025|Not Approved|https://www.kalomocouncil.gov.zm/?page_id=3020|2026-09-12
CDF-0480|Siamamvwa Primary School|Sipatunyana|Education|N/A|N/A|2025|Not Approved|https://www.kalomocouncil.gov.zm/?page_id=3020|2026-09-12
CDF-0481|A 1X3 Classroom Block At Lusumpuko Commi Nity Schoqi|Sipatunyana|Education|N/A|N/A|2025|Approved|https://www.kalomocouncil.gov.zm/?page_id=3020|2026-09-12
CDF-0482|A 1X3 Classrcom Blcckat Msikili Priary Schco|Sipatunyana|Education|N/A|N/A|2025|Approved|https://www.kalomocouncil.gov.zm/?page_id=3020|2026-09-12
CDF-0483|A Ix3 At Inkumbi School|Sipatunyana|Education|N/A|N/A|2025|Approved|https://www.kalomocouncil.gov.zm/?page_id=3020|2026-09-12
CDF-0484|A Staff House At Muyobo School|Sipatunyana|Education|N/A|N/A|2025|Approved|https://www.kalomocouncil.gov.zm/?page_id=3020|2026-09-12
CDF-0485|A Staff House At Nalubumba|Sipatunyana|Health|N/A|N/A|2025|Approved|https://www.kalomocouncil.gov.zm/?page_id=3020|2026-09-12
CDF-0486|Simeia Dip Tank Kasikili|Sipatunyana|Agriculture|N/A|N/A|2025|Not Approved|https://www.kalomocouncil.gov.zm/?page_id=3020|2026-09-12
CDF-0487|Tlb|All Wards|Infrastructure|N/A|N/A|2025|Approved|https://www.kalomocouncil.gov.zm/?page_id=3020|2026-09-12
CDF-0488|Borehole Acessories|All Wards|Water and Sanitation|N/A|N/A|2025|Approved|https://www.kalomocouncil.gov.zm/?page_id=3020|2026-09-12
